Updated, variable ,, 25364,Cherman Creamy Cat Treats 60g,  , 0, 1008, undefined
Updated, variable ,8859306620717, 25357,Ole Kat Mackerel flavor Cat Dry Food,  , 0, 228, undefined
Updated, variable ,, 25354,Ole Kat Tuna flavor Cat Dry Food,  , 0, 58, undefined
Updated, variable ,, 25328,Cherman Wet Food Pouches for Adult Cats 85g,  , 0, 1680, undefined
Updated, variable ,8859306620113, 25318,Ole Kat Seafood flavor Cat Dry Food,  , 0, 174, undefined
Other, simple ,, 25209,NUTRI PET Puppy Dog Food for All Breeds 400g (BUY 2 GET 1 FREE),  , 0, 0, 240
Updated, variable ,, 25199,JOSI SAUCE WET FOOD TIN FOR CATS 415g,  , 0, 215, undefined
Other, simple ,, 25131,JOSICAT KITTEN 650g,  , 0, 0, 1
Other, simple ,, 25010,NUTRI PET Adult Dog Food for All Breeds 3Kg,  , 0, 0, 15
Other, simple ,, 24993,Pedigree Chicken and Vegetables for Adult Dogs 2.8Kg,  , 0, 0, 2
No SKU, simple ,, 24989,Pedigree Adult Meat &amp; Rice 2.8 kg,  , 0, 0, 0
No SKU, simple ,, 24962,Dog Water Cup Bottle,  , 0, 0, 0
No SKU, simple ,, 24959,Pet Bathing Hair Remover Brush,  , 0, 0, 0
No SKU, simple ,, 24952,DRONTAL Dog Flavor Tablet,  , 0, 0, 0
Other, simple ,, 24933,Cleanpetâ€™s Self Clean Slicker Brush tool for Cats &amp; Dogs,  , 0, 0, 16
Other, simple ,, 24922,NUTRI PET Adult Dog Food for All Breeds 400g (BUY 2 GET 1 FREE),  , 0, 0, 2
Error :available_stock, simple ,22200051, 24915,Wave Shape Pet Cat Scratch Board,  , 0, 0, 0
