No SKU, simple ,, 26098,VITA CARE Dog Supplements (50-Tablets),  , 0, 4, 0
No SKU, simple ,, 25951,Flight Cage for Small Puppies &amp; Dogs,  , 0, 5, 0
No SKU, simple ,, 25916,Travel Carrier Box for Cats and Small Dogs,  , 0, 5, 0
No SKU, simple ,, 25870,Pet Food Storage Box Container,  , 0, 5, 0
No SKU, simple ,, 25835,Bee Desig Cat Teaser Toy,  , 0, 4, 0
No SKU, simple ,, 25820,Pet Ear Cotton Swabs (50Pcs),  , 0, 2, 0
No SKU, simple ,, 25797,Cebican Cat Mix Dry Food All Breeds and Ages 3Kg (Tuna Flavor),  , 0, 2, 0
No SKU, simple ,, 25793,Cat Scratch Tower Hanging Rope (Soft Whool Material),  , 0, 1, 0
No SKU, simple ,, 25790,Cat Scratch Tower Hanging Rope (Soft Material),  , 0, 1, 0
No SKU, simple ,, 25788,Cat Scratch Tower Hanging Rope (Double Sided),  , 0, 1, 0
No SKU, simple ,, 25784,Cat Scratch Tower Hanging Rope (Thin Post),  , 0, 1, 0
No SKU, simple ,, 25782,Cat Scratch Tower Hanging Rope (Big Post),  , 0, 5, 0
Updated, variable ,, 25680,Natural Rubber Frisbee for Dogs,  , 0, 10, undefined
No SKU, simple ,, 25489,Morando Professional Kitten /Chicken &amp; Salmon (Buy 2 Get 1 FREE),  , 0, 0, 0
No SKU, simple ,, 25487,Morando Cat Sterilized 1.5Kg Get a Mousse Free,  , 0, 5, 0
No SKU, simple ,, 25484,Morando ADULT KIBBLE WITH CHICKEN 400g Buy 2 Get 1 Free,  , 0, 6, 0
No SKU, simple ,, 25476,Drools Kitten Pack 400g Buy 2 Get 1 Free Cat Treat Pack 60g,  , 0, 79, 0
Stock in Sync, simple ,325571, 25452,Royal Canin Urinary S/O Loaf Wet food for cats 85g, Royal Canin Urinary S/O Loaf 85G , 0, 14, 14
No SKU, simple ,, 25432,Happy Cat Culinary Adult Atlantic Salmon 500g-Repacked,  , 0, 0, 0
Updated, variable ,, 25364,Cherman Creamy Cat Treats 60g,  , 0, 931, undefined
Updated, variable ,8859306620717, 25357,Ole Kat Mackerel flavor Cat Dry Food,  , 0, 75, undefined
Updated, variable ,, 25354,Ole Kat Tuna flavor Cat Dry Food,  , 0, 60, undefined
Updated, variable ,, 25328,Cherman Wet Food Pouches for Adult Cats 85g,  , 0, 1380, undefined
Updated, variable ,8859306620113, 25318,Ole Kat Seafood flavor Cat Dry Food,  , 0, 58, undefined
Stock in Sync, simple ,4797001113001, 25209,NUTRI PET Puppy Dog Food for All Breeds 400g (BUY 2 GET 1 FREE), Nutri Pet Chicken & Milk Puppy- 400g , 0, 329, 329
Updated, variable ,, 25199,JOSI SAUCE WET FOOD TIN FOR CATS 415g,  , 0, 0, undefined
Updated, simple ,4032254773962, 25131,JOSICAT KITTEN 650g, Josi Cat Kitten -650g , 0, 0, 1
Stock in Sync, simple ,4797001113049, 25010,NUTRI PET Adult Dog Food for All Breeds 3Kg, Nutri Pet Chicken & Milk Adult- 3kg , 0, 15, 15
Stock in Sync, simple ,8906002482870, 24993,Pedigree Chicken and Vegetables for Adult Dogs 2.8Kg, Pedigree Dog Adult Chicken & Vegetables 2.8kg , 0, 1, 1
No SKU, simple ,, 24989,Pedigree Adult Meat &amp; Rice 2.8 kg,  , 0, 5, 0
No SKU, simple ,, 24962,Dog Water Cup Bottle,  , 0, 8, 0
No SKU, simple ,, 24959,Pet Bathing Hair Remover Brush,  , 0, 5, 0
No SKU, simple ,, 24952,DRONTAL Dog Flavor Tablet,  , 0, 2, 0
Stock in Sync, simple ,260839, 24933,Cleanpet’s Self Clean Slicker Brush tool for Cats &amp; Dogs, Cleanpets Hair Removel Brush (Grey) , 0, 13, 13
Stock in Sync, simple ,4797001113032, 24922,NUTRI PET Adult Dog Food for All Breeds 400g (BUY 2 GET 1 FREE), Nutri Pet Chicken & Milk Adult- 400g , 0, 548, 548
Error :available_stock, simple ,22200051, 24915,Wave Shape Pet Cat Scratch Board,  , 0, 5, 0
Stock in Sync, simple ,332237, 24912,Bed Shape Pet Cat Scratch Board, Scratch Board I Shape , 0, 17, 17
No SKU, simple ,, 24909,Dual Expandable Cat Backpack Carrier,  , 0, 4, 0
Stock in Sync, simple ,5643711, 24895,Oval Shape Pet Cat Scratch Board, Cat Scratch Board Oval Shape , 0, 21, 21
Updated, variable ,, 24887,Pet Animal Paw Washing Cup,  , 0, 8, undefined
Stock in Sync, simple ,307675, 24849,Pet Spray Massage Brush 3 In1, Pet Spray Massage Brush , 0, 1, 1
Stock in Sync, simple ,1234, 24807,TEST, Prazimec-D (2 Tablets) , 0, 0, 0
Updated, variable ,, 24716,Its Mate Clumping Cat Litter 5L/4Kg 2 Pcs,  , 0, 1551, undefined
Stock in Sync, simple ,8853527039365, 24698,Catty Cat Pet Food – Ocean Fish Flavour (1kg), Catty Cat Ocean Fish Flavour 1kg , 0, 0, 0
Stock in Sync, simple ,8853527032397, 24695,Catty Cat Pet Food - Tuna Flavour (1kg), Catty Cat Tuna Flavour 1kg , 0, 0, 0
Updated, variable ,, 24646,Felix as good as it looks Wet Food Pouch for Cats 100g,  , 0, 0, undefined
Error :available_stock, simple ,2970291, 24588,Pet Food Bowl Double Side for Cats &amp; Dogs,  , 0, 5, 0
Stock in Sync, simple ,9338362001054, 24580,Black Hawk Original Adult Chicken &amp; Rice Dry Dog Food 3Kg, Black Hawk Chicken & Rice Dog Adult 3kg , 0, 0, 0
Stock in Sync, simple ,6976305480011, 24551,Pet Paw Cleaning Foam Orange Scented for Cats &amp; Dogs 150mL, Pet Paw Cleaner (150ml) , 0, 41, 41
Updated, simple ,4001967141375, 24538,Happy Cat MIS Sensitive Skin &amp; Coat Wet Pouch 85g, Happy Cat 1+ Year Skin & Coat (85g) , 0, 0, 10
Stock in Sync, simple ,304665, 24528,Cat Scratching Board Small Multi Shaped, Scrach Board (D.H) , 0, 18, 18
Stock in Sync, simple ,288083, 24441,Canny Coat Vitamin Syrup for Cats &amp; Dogs (150g), Canny Coat Syrup 150g , 0, 17, 17
Updated, variable ,, 24382,Pure Leather Dog Large Coller for Dogs &amp; Puppies (Adjustable),  , 0, 0, undefined
Stock in Sync, simple ,258185, 24378,Pure Leather Dog Coller for Medium Dogs &amp; Puppies (Adjustable), Leather Dog Coller , 0, 3, 3
Stock in Sync, simple ,297030, 24376,Pet Food Bowl (Cow Face Shaped) for Cats &amp; Dogs, Cat Food Tray Small , 0, 5, 5
Stock in Sync, simple ,296859, 24373,Pet Food Bowl (Bone Shaped) for Cats &amp; Dogs, Bone Shap Food Bowl (A.N) , 0, 5, 5
Stock in Sync, simple ,296852, 24363,Tennis Ball Tug Dog Toy, Dog Tenis Ball Toy (A.N) , 0, 4, 4
Stock in Sync, simple ,260794, 24358,Pet Toy Ball with Handle for Dogs &amp; Puppies, Ball on Rope Dog Toy - Rubber Ball for Dog  L , 0, 3, 3
Updated, variable ,, 24352,Mess Free Pet Food Bowl for Cats &amp; Dogs,  , 0, 0, undefined
Stock in Sync, simple ,303919, 24305,Pro Plan Dog Food Adult Medium Breed Chicken - 3kg, Purina Pro Plan Medium Adult 3kg , 0, 2, 2
Stock in Sync, simple ,9300605149694, 24297,Pro Plan Dog Food Puppy Large Breed Chicken - 3kg, Purina Pro Plane Large Puppy 3kg , 0, 0, 0
Stock in Sync, simple ,9300605149229, 24292,Pro Plan Dog Food Adult Small &amp; Toy Breed Chicken 2.5Kg, Purina Pro Plan Small & Toy Puppy 2.5kg , 0, 0, 0
No SKU, simple ,, 24281,FURR FRESH Medicated Shampoo for Cats &amp; Dogs 200mL,  , 0, 2, 1
Updated, variable ,, 24207,Lassie Antiseptic &amp; Deodorant Dog Shampoo (220mL),  , 0, 54, undefined
Stock in Sync, simple ,8906125480494, 24153,Drools Cat Food Ocean Fish (Adult) 500g Fresh Pack, Drools Cat Adult Ocean Fish 500g , 0, 150, 150
Stock in Sync, simple ,22334466, 24081,Scooby Dog Tik Killer Plus Shampoo 150mL, Scoobydog Tik Killer Plus Shampoo 150ml , 0, 18, 18
Stock in Sync, simple ,4796029981265, 24027,DERMA COAT PLUS Dog Supplement 200g, Derma Coat Plus Skin & Coat- 200G , 0, 6, 6
Stock in Sync, simple ,288862, 24021,Dog Chain Gold Necklace Chain (Metal Meterial), Dog Coller Chocker Gold D.H - (3MM) , 0, 0, 0
Stock in Sync, simple ,288845, 24009,Dog Chain Gold Necklace Chain (Plastic Meterial), Dog Neackles Gold Colour D.H - (47CM) , 0, 5, 5
Stock in Sync, simple ,9319993800674, 23916,BLACKDOG Beef Mini Biscuits for Dogs 1kg, Black Dog Beef Mini Biscuits 1Kg , 0, 1, 1
Stock in Sync, simple ,9319993800681, 23914,BLACKDOG Cheese Mini Biscuits for Dogs 1kg, Black Dog Cheese Mini Biscuits 1Kg , 0, 1, 1
Stock in Sync, simple ,9319993800612, 23899,BLACKDOG Cheese Biscuit for Dogs 1kg, Black Dog Cheese Biscuits 1Kg , 0, 0, 0
Error :available_stock, simple ,9312239040407, 23911,Black Hawk Puppy Chicken &amp; Rice Medium Breed Dog Food - 3kg,  , 0, 4, 0
Stock in Sync, simple ,3182550852364, 23908,Royal Canin Maxi Light Weight Care for Dogs 3Kg, Royal Canin Maxi Light Weight Care 3Kg , 0, 1, 1
Stock in Sync, simple ,4796020780331, 23870,BONECARE Plus for Dogs (Chicken Flavored) 50 Tablets, Bone Care Plus Chicken Flavor 50 Tablets , 0, 5, 5
Stock in Sync, simple ,287914, 23867,Grooming Stainless Steel Hair Comb for Cats &amp; Dogs, Hand Steel Comb (A.N) , 0, 2, 2
Stock in Sync, simple ,287919, 23864,Grooming Nail Clipper for Cats &amp; Dogs, Nail Clipper (A.N) , 0, 5, 5
Stock in Sync, simple ,288077, 23862,Grooming Scissor for Cats &amp; Dogs, Grooming Scissor (A.N) , 0, 5, 5
Stock in Sync, simple ,287926, 23847,The Wiggle Wand Cat Toy, Ball Stick Toy (A.N) , 0, 5, 5
Stock in Sync, simple ,287925, 23845,Solid Rubber Bone Toy for Medium and Small Dogs (Toffee Shaped), Dog Training Chew Bell Toy (A.N) , 0, 12, 12
Stock in Sync, simple ,287923, 23843,Solid Rubber Bone Toy for Medium and Small Dogs (Dumbell Shaped), Bell Bone Toy (A.N) , 0, 8, 8
Stock in Sync, simple ,49752, 23823,Feather Waggler Cat Toy, Feather Stick Toy , 0, 4, 4
Updated, variable ,, 23816,Stainless steel pet food bowl for cats &amp; dogs,  , 0, 0, undefined
Stock in Sync, simple ,8809308520010, 23808,Budle Budle Ecoland Dental Care Toothpaste 80g, Budle Budle Ecoland Dental Care Toothpast , 0, 6, 6
No SKU, simple ,, 23804,Dog Chew Toys for Puppy,  , 0, 0, 0
Stock in Sync, simple ,287906, 23801,Solid Rubber Bone Toy for Medium and Small Dogs, Bone Toy (Medium) , 0, 4, 4
Stock in Sync, simple ,287893, 23798,Rubber Ball Chew Toy for Medium and Small Dogs, Treat Ball (A.M) , 0, 10, 10
Stock in Sync, simple ,288600, 23795,Lint Roller for Pets (2PCS), Lint Roller (A.N) , 0, 9, 9
Updated, variable ,, 23767,Ocean Free XO Koi Spirulina &amp; Wheat Germ-Growth Fish Food 1Kg,  , 0, 0, undefined
No SKU, simple ,, 23694,Test,  , 0, 3, 0
No SKU, simple ,, 23693,Test,  , 0, 0, 0
No SKU, simple ,, 23680,Beaphar Top 10 Tablets for Dog Repacked (150-Tablets),  , 0, 0, 0
Error :available_stock, simple ,56366006729, 23559,Purina Friskies Chunks Chicken Dinner in Gravy Wet Cat Food (156 g),  , 0, 0, 0
Error :available_stock, simple ,56366006965, 23554,Purina Friskies Pate Chef's Dinner, Wet Cat Food (156 g),  , 0, 0, 0
Updated, variable ,, 23544,Purina Friskies Gravy Wet Cat Food, Prime Filets (156 g),  , 0, 0, undefined
Updated, variable ,, 23433,Simba Chicken Dog Food for Adult Dog Food for All Breeds,  , 0, 0, undefined
Updated, variable ,, 23395,BLACKDOG Natural Treats for Dogs (6 Packs),  , 0, 0, undefined
Updated, variable ,, 23358,Happy Cat Wet Pouch (1+ Years) 85g,  , 0, 0, undefined
Stock in Sync, simple ,9911555, 23351,Hair Lint Remover 30 Layers, Lint Roller (S) , 0, 10, 10
No SKU, simple ,, 23248,Aci Prox Herbal Talc Dusting Powder for Your Pups 90g,  , 0, 5, 0
Updated, variable ,, 23246,Pet Dusting Powder for Cats &amp; Dogs 100g,  , 0, 27, undefined
Stock in Sync, simple ,4796029981104, 23244,No More Tick Dusting Powder for Cats &amp; Dogs 100g, Pet Dusting Powder No More Tick (100g) , 0, 4, 4
Stock in Sync, simple ,8853301550123, 23215,Whiskas Wet Food Junior 2-12 Months With Mackerel 80g, Whiskas 2 - 12 Months Mackerel 80g , 0, 0, 0
Stock in Sync, simple ,4793000928059, 23109,Anti Fungal-Mange Cream for Pets (50mL), Wet Dog Anti Fungal Mange Cream 50(ml) , 0, 13, 13
Stock in Sync, simple ,5600276940168, 23088,Divinus Catfish Tuna Flavoured Dry Food (2Kg), Divinus Complete Cat Food 2Kg , 0, 14, 14
Updated, variable ,, 23024,Professional Stainless-Steel Comb for Cat &amp;  Dog,  , 0, 0, undefined
Stock in Sync, simple ,260796, 23001,Dog Fun Outdoor Playing Rope Toy, Ball on Rope Dog Toy - Rubber Ball for Dog S , 0, 6, 6
Stock in Sync, simple ,261149, 22998,Dog Long Toy With Tennis Ball, Dog Toy Playing Rope with Ball L , 0, 0, 0
No SKU, simple ,, 22994,Dog S Shaped Toy With Tennis Ball,  , 0, 0, 0
Updated, variable ,, 22931,Purina Felix Chunk Wet Foods For Cats 80g,  , 0, 0, undefined
Updated, variable ,, 22932,BLACKCAT Naturally Cat Treats,  , 0, 0, undefined
Stock in Sync, simple ,611974846107, 22905,Pets Own Cat &amp; Kitten Lactose-Free Milk with Glucosamine 1L, Pets Own Cat And Kitten Milk 1lt , 0, 24, 24
Stock in Sync, simple ,254195, 22818,Glossy Plastic Medium Cat-Litter Tray for Kittens &amp; Adult Cats, Kitten Litter Tray With Scoop , 0, 226, 226
Stock in Sync, simple ,8904149102927, 22810,SAMFUR Protein Supplement for Cats &amp; Dogs (100gms), Vetoquinol Samfur 100G , 0, 22, 22
Stock in Sync, simple ,261487, 22772,Kitto Kitty Wood Pellet Cat-Litter (14L), Tuttofare Wood Pellet Catlitter , 0, 3, 3
Stock in Sync, simple ,262331, 22720,Royal Canin Persian Kitten (Repacked) 1Kg, Royal Canin Persian Kitten 1kg Repacked , 0, 0, 0
No SKU, simple ,, 22659,ROYAL CANIN BHN Chihuahua Adult Dog (Loaf) Wet pouch (85g),  , 0, 5, 0
Stock in Sync, simple ,9003579001653, 22656,ROYAL CANIN BHN Poodle Adult Dog (Loaf) Wet Pouch (85g), Royal Canin Poodle Adult Wet Food 85g , 0, 29, 29
Updated, variable ,, 22490,Cat-Litter Deodorant Scent Beads (90g),  , 0, 0, undefined
No SKU, simple ,, 22458,Frontline Spray 25ml,  , 0, 0, 0
Stock in Sync, simple ,1446098, 22356,Heavy Duty Rope Dog Leash With Shock Spring And Hook, Spring Leash , 0, 0, 0
Stock in Sync, simple ,4796006700667, 22345,Petma Kennel Cleaner 500ml, PetMa Kennel Cleaner 500ml , 0, 10, 10
Stock in Sync, simple ,254191, 22341,Pet Diaper Mat Training Pad Big 1pcs, Pet Diaper Mat 1 Pic 58*40*42cm 5Layer , 0, 375, 375
Stock in Sync, simple ,4796020780485, 22278,MAXX CAL Dog Vitamin Supplement (50 Tablets), Maxx Cal Vitamin & Mineral Supolement 50 tab , 0, 20, 20
No SKU, simple ,, 22181,Indoor Cat Scratch Tree With House And Ladder,  , 0, 3, 0
Stock in Sync, simple ,254192, 22096,Easy Clean Cat Litter Wood Pellet Tray Plastic With Scoop, Wood Pellet Catlitter Tray , 0, 9, 9
Stock in Sync, simple ,4796018660249, 22093,Hemo Boost Iron And Folic Acid for Cats &amp; Dog, Homo Boost Cat & Dog Suppliment 200ml , 0, 6, 6
No SKU, simple ,, 22023,Josi Cat Beef in Jelly Wet Canned Food 400g,  , 0, 20, 0
Stock in Sync, simple ,4032254745532, 22020,JOSIDOG ECONOMY Dry Food (15Kg), Josi Dog Economy 15Kg , 0, 2, 2
Stock in Sync, simple ,4001967074024, 21924,Happy Cat Minkas Perfect Care Adult 500g, Happy Cat Minkas Perfect Care Adult Chicken & Rice 500g , 0, 0, 0
No SKU, simple ,, 21853,Hikari Economy for All Pond Fish (L )Pellets 4kg,  , 0, 1, 0
No SKU, simple ,, 21851,Drools Cat Food Ocean Fish Kitten 400g X 3 pcs,  , 0, 14, 0
No SKU, simple ,, 21849,Drools Cat Food Ocean Fish (Adult) 3pcs,  , 0, 0, 0
Updated, variable ,, 21814,Purina Felix Mix Wet Foods For Cats 100g,  , 0, 0, undefined
Stock in Sync, simple ,9003579013557, 21779,Royal Canin Gastrointestinal Gravy Cat Wet Pouch 85g, Royal Canin Gastrointestinal 85g , 0, 75, 75
Stock in Sync, simple ,9003579311738, 21743,Royal Canin Light Weight Care Ultra Lite Jelly 85g, Royal Canin Light Weight Care Jelly 85g , 0, 22, 22
Stock in Sync, simple ,9003579308769, 21741,Royal Canin Light Weight Care Gravy 85g, Royal Canin Light Weight Care Gravy 85g , 0, 35, 35
Stock in Sync, simple ,3182550852586, 21737,Royal Canin Maxi Joint Care 3kg, Royal Canin Maxi Joint Care 3kg , 0, 0, 0
No SKU, simple ,, 21724,Rainbow Color Dog Puppy And Cat Leash With Harness,  , 0, 10, 0
Stock in Sync, simple ,3564273825, 21721,Nylon Braided Eight Strand Dog Harness Leash With Reflective Strip Random Color, Dog Heavy Duty Leash ( Small Lock ) , 0, 0, 0
Stock in Sync, simple ,4796000180212, 21660,StressTabs Blisters 60 Tab, Stress Tabs Blisters 60s , 0, 5, 5
Stock in Sync, simple ,252041, 21533,Squeak Shrilling Chicken Toys For Dogs, Squeaky Shrilling Chicken Toys L , 0, 63, 63
Updated, variable ,, 21352,Its Mate Clumping Cat Litter 5L 4Kg,  , 0, 0, undefined
Stock in Sync, simple ,4722, 21333,Squeezy Chicken Leg Cotton Toy, Squeaky Chicken Leg Toy , 0, 11, 11
No SKU, simple ,, 21326,Araton Dog Food (Junior All Breed) 500g Repack,  , 0, 0, 0
Updated, variable ,, 21307,Breakway Cat Collar Paw Print,  , 0, 0, undefined
Updated, variable ,, 21281,Reflective Breakaway Cat Collars with Bell,  , 0, 0, undefined
Stock in Sync, simple ,200133, 21242,Squeezy Lobster Toy, Squeaky Red Lobster Toy , 0, 5, 5
Stock in Sync, simple ,987983, 21238,Squeezy Crab Toy, Squeaky Orange Crab Toy , 0, 4, 4
No SKU, simple ,, 21174,Natural Remedies Junior Bites Puppy 75g+75g (Buy 1 Get 1),  , 0, 10, 0
No SKU, simple ,, 21173,Natural Remedies Digestive Bites 75g+75g (Buy 1 Get 1),  , 0, 10, 0
No SKU, simple ,, 21168,Natural Remedies Smart Bites 75g + 75g (Buy 1 Get 1),  , 0, 9, 0
No SKU, simple ,, 21057,Drools Dog Food (Adult pet) Real Chicken Buy 2 Get 1,  , 0, 0, 0
No SKU, simple ,, 21055,Drools Puppy Dog  Food Buy 2 Get 1,  , 0, 0, 0
Stock in Sync, simple ,8376736457, 21051,Cotton Rope Mouse Toy, Rope Mouse Toy , 0, 25, 25
Error :available_stock, simple ,55666000, 20978,Vetpharma Ostogen-Vp Calcium Supplement,  , 0, 4, 0
Error :available_stock, simple ,780000, 20975,Vetpharma Mexidin Medicated Veterinary Shampoo,  , 0, 7, 0
Stock in Sync, simple ,8698995012157, 20972,Bonnie Lamb &amp; Rice Adult Dog Food 15kg, Bonnie Dog Adult Lamb & Rice 15kg , 0, 6, 6
Stock in Sync, simple ,8698995012195, 20970,Bonnie Beef Adult Dog Food 15kg, Bonnie Dog Adult Beef 15kg , 0, 6, 6
Stock in Sync, simple ,233785, 20887,My Pet Dog Treats 10inch for Dog, My Pet Dog Treat 10 inch , 0, 2, 2
Updated, variable ,, 20828,Wet Dog Every Day Shampoo 1L,  , 0, 0, undefined
Stock in Sync, simple ,8698995028745, 20811,Reflex High Energy Adult Dog Food with Beef &amp; Rice 3kg, Reflex Adult Dog Food Beef & Rice 3kg , 0, 0, 0
Stock in Sync, simple ,8698995003407, 20809,Reflex Plus Junior Dog Food with Lamb &amp; Rice 3kg, Reflex Plus Adult Medium &LarBreeds Lamb & Rice 3kg , 0, 3, 3
Stock in Sync, simple ,8698995028721, 20807,Reflex Lamb &amp; Rice Puppy Food 3kg, Reflex Puppy Dog Food Beef & Rice 3kg , 0, 2, 2
Stock in Sync, simple ,9322426001722, 20773,Fidos Black Gloss Shampoo With Conditioner for Cats &amp; Dogs, Fidos Black Gloss Conditioner 250ml , 0, 6, 6
Stock in Sync, simple ,9322426000428, 20771,Fidos Tea Tree Oil Shampoo for Cats &amp; Dogs, Fidos Tea Tree Oil Shampoo 250ml , 0, 4, 4
Stock in Sync, simple ,9322426000282, 20767,Fidos Emu Oil Shampoo for Cats &amp; Dogs, Fidos Emu Oil Shampoo 250ml , 0, 5, 5
Stock in Sync, simple ,57473262, 20699,TooTu Cocco Canny Conditioning Shampoo 200ml, TooTu Cocco Canny Conditioning Shampoo 200ml , 0, 19, 19
No SKU, simple ,, 20658,TT2,  , 0, 14, 0
Stock in Sync, simple ,2659856346, 20621,TooTu Cinnamon  Natural Talc, TooTu Cinnamon Talc 90g , 0, 25, 25
Stock in Sync, simple ,2659856347, 20620,TooTu Citro Natural Citronella Talc, TooTu Natural Citronella Talc 90g , 0, 29, 29
Stock in Sync, simple ,4796020780478, 20617,Maxx Pro Muscle & Coat Health 50 Tablets, Maxx Pro Muscle & Coat Health 50 tab , 0, 27, 27
Updated, variable ,, 20611,Cinnamon Wood Dog Chew Toy,  , 0, 0, undefined
No SKU, simple ,, 20609,Combo Starter Pack for your Cat,  , 0, 0, 0
Stock in Sync, simple ,8906002482962, 20587,Pedigree Puppy Dry Food for Dogs (Chicken & Milk) 370g, Pedigree Dog Puppy Chicken & Milk 370g , 0, 10, 10
Stock in Sync, simple ,8906002482832, 20584,Pedigree Adult Dry Food for Dogs (Chicken & Vegitables) 370g, Pedigree Dog Adult Chicken & Vegetables 370g , 0, 10, 10
Stock in Sync, simple ,611974846114, 20522,Pets Own Dog &amp; Puppy Lactose-Free Milk with Glucosamine 1L, Pets Own Dog And Puppy Milk 1lt , 0, 1, 1
Updated, variable ,, 20466,Nexgard SPECTRA Chews for Dogs,  , 0, 0, undefined
Stock in Sync, simple ,4796029981302, 20464,Salmon Fish Oil (Omega 3-6) for Dogs, Vetmax Dog Salmon Oil 200ml , 0, 8, 8
Stock in Sync, simple ,4796029981395, 20440,Salmon Fish Oil (Omega 3-6) for Cats, Vetmax Cat Salmon oil 100ml , 0, 23, 23
Stock in Sync, simple ,97298021169, 20434,Hair Clipper Silent Vacuum Hair Trimmer for Pets, Pet Grooming Nail Clipper (Large) , 0, 6, 6
Updated, variable ,, 20386,Tasty Cat Creamy Treats (15g),  , 0, 0, undefined
Stock in Sync, simple ,4032254760870, 20384,Josi Cat Chicken in Jelly Wet Canned Food 400g, Josicat Chicken In Jelly 400g , 0, 0, 0
Updated, variable ,, 20378,Hysen Clean Deaodorant Beads (Fresh Fragrance) 450g,  , 0, 0, undefined
Stock in Sync, simple ,239433, 20372,Pet Kitty Cats Shrimp Shape Rubber Toy, Cat Brush Toy , 0, 3, 3
Stock in Sync, simple ,536637586, 20288,Backpack Carrier for Small Medium Dogs Cats, Pet BackPack Black , 0, 0, 0
Stock in Sync, simple ,239434, 20278,Slow Feeder Bowls Anti-Slip for Cats &amp; Dogs, Slow Feeder Cat Bowl , 0, 77, 77
Stock in Sync, simple ,4053032401716, 20262,Trixie Bone Minerals For Dogs 800G, Trixie Bone Minerals 800g , 0, 0, 0
Stock in Sync, simple ,8850477020771, 20249,Me-O Creamy Treats For Cats (Salmon Flavored), Me-O Salmon Flavor 30g 2pic , 0, 0, 0
Stock in Sync, simple ,70, 20228,Eco Pets Eco No More Ticks 100g, Happy Puppy Eco No More Ticks 100g , 0, 2, 2
No SKU, simple ,, 20223,Charcoal Natural Shampoo for Dogs 250mL,  , 0, 2, 0
Stock in Sync, simple ,3182550703079, 20198,Royal Canin Giant Adult 15kg, Royal Canin Giant Adult 15kg , 0, 0, 0
No SKU, simple ,, 20131,Royal Canin BabyCat Milk 300g,  , 0, 0, 0
Stock in Sync, simple ,251256, 19874,Pet Food and Water Dispenser Set, Double Cat Food & Water Bowls , 0, 27, 27
Stock in Sync, simple ,3182550778657, 19674,Royal Canin Mini Starter Mother & Baby 1kg, Royal Canin Mini Starter Mother&baby 1Kg , 0, 13, 13
Error :available_stock, simple ,897555667, 19662,Stainless Steel Catlitter Scoop with Long Handle and Hook Holder,  , 0, 63, 0
Stock in Sync, simple ,3182550721400, 19654,Royal Canin Hairball Care Cat Dry Food 2Kg, Royal Canin Hairball 2kg , 0, 0, 0
Stock in Sync, simple ,3182550864091, 19649,Royal Canin Bengal Adult Cat Dry Food 2Kg, Royal Canin Bengal Adult 2kg , 0, 3, 3
Stock in Sync, simple ,293461346, 19646,FERRIGROW PET (Iron with Folic Acid Syrup) for Cats &amp; Dogs 200mL, Ferrigrow pet Iron With Folic Acid Syrup 200ml , 0, 3, 3
Stock in Sync, simple ,3182550756419, 19643,Royal Canin British shorthair Adult Cat Dry Food 2Kg, Royal Canin British Shorthair Adult 2kg , 0, 2, 2
Stock in Sync, simple ,3182550816533, 19640,Royal Canin British Shorthair Kitten 2kg, Royal Canin British Shorthair Kitten 2kg , 0, 0, 0
Updated, variable ,, 19636,Royal Canin Maine Coon Kitten Dry Food,  , 0, 0, undefined
Stock in Sync, simple ,8007520010504, 19632,MORANDO Kibble with Beef Adult Cat Dry Food 400g, Morando Cat Adult Dry Food Beef 400g , 0, 5, 5
Updated, variable ,, 19493,Rope Cotton Toys for Puppies &amp; Small Dogs &amp; Cat,  , 0, 0, undefined
Updated, variable ,, 19499,Its Mate Clumping Cat Litter 10L/8Kg 2 Pcs,  , 0, 0, undefined
Updated, variable ,, 19475,Vet Wrap Cohesive Bandages for Cats & Dog,  , 0, 0, undefined
Updated, variable ,, 19451,Its Mate Clumping Cat Litter 10L/8Kg,  , 0, 0, undefined
Updated, variable ,, 19397,Semi-enclosed Sifting Litter Box,  , 0, 80, undefined
Error :available_stock, simple ,8956487562, 19371,Hard Rubber Balls for Dogs,  , 0, 49, 0
Stock in Sync, simple ,0000012345, 19367,Advanced Pet Dental Care Toothpaste 60g, Yegbong Pet Dental Advance Toothpaste 60g , 0, 73, 73
No SKU, simple ,, 19328,Bio Line Universal Pet Wipes 10Pcs,  , 0, 8, 0
Stock in Sync, simple ,8456847769, 19238,Dog Multi Color Leash Double Strand Nylon, Dog Leash Wih Harness , 0, 0, 0
Stock in Sync, simple ,8738725734, 19231,Terminator Comb Round Type, Dematting Comb , 0, 12, 12
Stock in Sync, simple ,4032254743644, 19215,BAVARO Force Junior + Adult Dog Dry Food 18kg, Bavaro Junior Plus Adult Dog Dry Food 18kg , 0, 0, 0
Updated, variable ,, 19204,Royal Canin Sterilised 37 Cat Dry Food,  , 0, 0, undefined
Stock in Sync, simple ,8853301140812, 19088,Whiskas Dry Food For Kitten (Mother and Baby) 1.1kg, Whiskas 2-12 junior ocean fish 1.2kg , 0, 0, 0
Updated, variable ,, 19072,Embroidered Dog Collars,  , 0, 0, undefined
Stock in Sync, simple ,885229500353, 19021,Galaxy-Red Baby (Colour Enchancer Added) Fish Feed 100gms, Galaxy Red Baby Color Enhanster 100g , 0, 0, 0
Error :available_stock, simple ,9164624000494, 19014,Drools Cat Food Ocean Fish (Adult) 1kg Repack,  , 0, 0, 0
Stock in Sync, simple ,42055223164, 19012,Hikari Tropical DISCUS Bio-Gold 80g, Hikari Discus Bio-Gold 80g , 0, 0, 0
Error :available_stock, simple ,9746428376, 19003,Green Vet Ticks &amp; Fleas Shampoo 200ml,  , 0, 1, 0
Error :available_stock, simple ,8459623578, 19000,Hair-Care Tablets for Dogs (10 Tablets),  , 0, 1, 0
No SKU, simple ,, 18950,AVI V &amp; E (Vitamins &amp; Electrolytes for Birds) 100gms,  , 0, 1, 0
Stock in Sync, simple ,8436036364854, 18929,Nuthya Premium PERFORMANCE All Breeds Dog Dry Food 12Kg, Nuthya Premium Performance Dog Adult 12Kg , 0, 0, 0
No SKU, simple ,, 18923,Pet Smart Water Dispenser Cat Automatic Water Feeder,  , 0, 0, 0
Stock in Sync, simple ,55612380, 18903,Triple Tower Track Ball Tower Tree Cat Kitten Play Toy, Cat Toy Intractive , 0, 69, 69
Stock in Sync, simple ,55612379, 18900,Catnip Fish Shaped Feather Cat Toy, FISH SHAPE CATNIP FEATHER TOY , 0, 9, 9
Stock in Sync, simple ,543219000, 18899,Catnip Ball With Holder, Catnip Ball With Holder , 0, 55, 55
Stock in Sync, simple ,546800000, 18896,Catnip Feather Ball Cat Toy, Catnip Feather Ball Toy , 0, 0, 0
Stock in Sync, simple ,542319999, 18892,Avocado Catnip Wall Ball Cat Toy, Cat Avocado Toy With Catnip Ball , 0, 76, 76
Stock in Sync, simple ,525324, 18883,AVI Ganadexil Birds Supplement 10mL, Avi Ganadexil 10ml , 0, 3, 3
Stock in Sync, simple ,6154591500853, 18792,Cute Pet Red Apple Shampoo 200ml, Cute Pet Red Apple Shampoo 200ml , 0, 19, 19
Stock in Sync, simple ,6154591500358, 18787,Pet Shine Pet Talc Black Rose Powder 100g, PET SHINE PET TALC - BLACK ROSE , 0, 14, 14
Stock in Sync, simple ,4253700, 18697,Zipyran Plus Tablets - 20S, ZIPYRAN PLUS , 0, 6, 6
No SKU, simple ,, 18667,Taste of the Wild High Prairie Canine Recipe 12.2Kg,  , 0, 1, 0
Stock in Sync, simple ,8681900005122, 18574,Benty Sandy Bentonit Catlitter Lavender 5L, Benty Lavender 5L , 0, 0, 0
Stock in Sync, simple ,4001967140170, 18560,Happy Cat Culinary Adult Atlantic Salmon 300g, Happy Cat Atlantic Salmon Dry Food 300g , 0, 2, 2
Stock in Sync, simple ,4001967014921, 18558,Happy Dog Supreme Mini Baby &amp; Junior 1kg, Happy Dog Supreme Mini Baby & Junior 1kg , 0, 0, 0
Stock in Sync, simple ,6926526100083, 18525,Bone Shaped Soft Rubber Pet Dog Chew Toy, Bone Toy (Small) , 0, 15, 15
Stock in Sync, simple ,6926526100113, 18516,Rubber Ring Dog Chew Toy, Ring Toy , 0, 9, 9
Stock in Sync, simple ,4252310, 18490,TICKAMIT Amitraz 12.5% for All Animals, Tickamit 12.5 10ml , 0, 15, 15
Updated, variable ,, 18396,Bonnie Adult Cat Food Chicken,  , 0, 0, undefined
Stock in Sync, simple ,534265, 18351,Cat Nip Ball Toy 50g, Catnip Ball 50g , 0, 47, 47
Stock in Sync, simple ,79574987509, 18346,Flea And Tick Dog Collar, Flea And Tick Collar Dog , 0, 0, 0
Stock in Sync, simple ,7957498750941, 18342,Flea And Tick Cat Collar, Flea And Tick Collar Cat , 0, 0, 0
Stock in Sync, simple ,22334467, 18306,Asuntol 1% Medicated Pet Soap 75g, Asuntol 1% , 0, 0, 0
Error :available_stock, simple ,8564975128, 18213,Soft Side Cat Carrier Bag,  , 0, 5, 0
Stock in Sync, simple ,545648759981, 18049,Happy Cat Minkas Perfect Mix Poultry, Fish &amp; Lamb Repacked 400g, Happy Cat Minkas Adult Dry Food 400g Repack , 0, 0, 0
Stock in Sync, simple ,9003579310151, 17916,Royal Canin Ageing 12+ Gravy Wet Food Pouch for Cats 85g, Royal Canin Ageing 12+ Wet Food 85g , 0, 56, 56
Stock in Sync, simple ,9003579308929, 17917,Royal Canin Intense Beauty Gravy Wet Food Pouch for Cats 85g, Royal Canin Hair & Skin Wet Food 85g , 0, 24, 24
Stock in Sync, simple ,545648759011, 17900,Happy Cat Young Kitten Care Farm Poultry 400g Repacked, Happy Cat Minkas Kitten Dry Food 400g , 0, 0, 0
Stock in Sync, simple ,96396310, 17876,Dog Birthday Party Decorations Set, Birthday Set For Dogs , 0, 6, 6
Stock in Sync, simple ,96396311, 17871,Cat Birthday Party Decorations Set, Birthday Set For Cats , 0, 4, 4
No SKU, simple ,, 17858,Pet Pooper Scooper for Dogs and Cats with Foldable Handle,  , 0, 0, 0
Stock in Sync, simple ,3182550704625, 17834,Royal Canin Indoor 27 Cat Food 2kg, Royal Canin Indoor 27 2kg , 0, 1, 1
Stock in Sync, simple ,3182550767323, 17832,Royal Canin Aroma Exigent Cat Food 2kg, Royal Canin Aroma Exigent 2kg , 0, 2, 2
Stock in Sync, simple ,3182550767194, 17830,Royal Canin Protein Exigent Cat Food 2kg, Royal Canin Protein Exigent 2kg , 0, 0, 0
Stock in Sync, simple ,983754984, 17738,Dog Collar Medium, Dog Collar (medium) , 0, 0, 0
No SKU, simple ,, 17737,Mini Puppy/Adult Collar Large,  , 0, 5, 0
Updated, variable ,, 17668,Divinus Complete Cat Dry Food Repacked,  , 0, 0, undefined
Updated, variable ,, 17662,Divinus Puppy Dry Food,  , 0, 0, undefined
Stock in Sync, simple ,5600276940113, 17654,Divinus Performance Dog Adult 20kg, Divinus Performance Dog Adult 20kg , 0, 1, 1
Stock in Sync, simple ,5600276940106, 17648,Divinus Dog Adult 20kg, Divinus Dog Adult 20kg , 0, 17, 17
Stock in Sync, simple ,5600276940137, 17647,Divinus Complete Cat Dry Food 20kg, Divinus Complete Cat Food 20kg , 0, 3, 3
Stock in Sync, simple ,6154591500433, 17633,Pet Shine Dusting Powder For Ticks &amp; Fleas100g, Pet Shine Dusting Powder100g , 0, 34, 34
Stock in Sync, simple ,6944546498744, 17631,BulbHead Chewbrush Toothbrush Toy for Dog, Chew Brush Self-Brushing Toothbrush For Dogs , 0, 102, 102
Stock in Sync, simple ,223343, 17629,Homemade Chicken Milky Bone Dog Treats 100g, Home Made Chicken Milky Bones , 0, 22, 22
Stock in Sync, simple ,223341, 17628,Homemade Chicken Liver Treats 100g, Home Made Chicken Liver Treats , 0, 23, 23
Stock in Sync, simple ,223342, 17622,Homemade Fishzy Dog Treats 100g, Home Made Fishzy Dog Treats , 0, 10, 10
Error :available_stock, simple ,74198615308, 17615,Diamond Naturals Kitten Chicken &amp; Rice Formula 3kg,  , 0, 1, 0
No SKU, simple ,, 17591,Els Pet Fully Automatic Smart Cat Litter Box,  , 0, 0, 0
Stock in Sync, simple ,22334493, 17573,Canis Chicken Bone Broth for Dogs 400mL, Canis Chicken Bone Broth for Dogs 400ml , 0, 0, 0
Stock in Sync, simple ,8887677060146, 17537,Ocean Free Super Bio-Foam Filter (BF-2), Bio-foam Filter BF-2 , 0, 2, 2
Error :available_stock, simple ,8459623581, 17509,Aquarium Air Pump (2 Outlet) 5W,  , 0, 5, 0
Stock in Sync, simple ,8171878998, 17506,Aquarium Air Pump (1 Outlet) 3W, Aquarium Air Pump RS-081 , 0, 4, 4
Stock in Sync, simple ,6952054901830, 17481,Emily Pets Tofu Cat Litter 6L- Original, Emily Pet Tofu Catlitter Original 6L , 0, 0, 0
Stock in Sync, simple ,6952054901809, 17478,Emily Pets Tofu Cat Litter 6L-Activated Carbone, Emily Pet Tofu Catlitter Active Carbon 6L , 0, 0, 0
Stock in Sync, simple ,9003579000410, 17470,Royal Canin Hairball Care Gravy Wet Food for Adult Cats 85g, Royal Canin Care Hairball Control 85g , 0, 0, 0
Stock in Sync, simple ,3265985, 17400,Eukanuba Puppy Large Breed Dry Dog Food 1Kg Pack, Eukanuba Large Breed Puppy 1kg (Free 300g) , 0, 0, 0
Error :available_stock, simple ,9555671409268, 17386,Aquarium hanging filter for fish tank,  , 0, 1, 0
Error :available_stock, simple ,8745872614, 17384,Supyouleg Aquarium Plants (small size),  , 0, 0, 0
Error :available_stock, simple ,8745872615, 17379,Supyouleg  Aquarium Plants,  , 0, 0, 0
Error :available_stock, simple ,9856742819, 17376,Submersible Internal Water Filter for Aquarium RS-2003,  , 0, 1, 0
Error :available_stock, simple ,9856742817, 17373,Submersible Internal Water Filter for Aquarium RS-2004,  , 0, 1, 0
Error :available_stock, simple ,9856742816, 17369,Liquid Filter Aquarium RS-3300D,  , 0, 0, 0
Error :available_stock, simple ,9555681409044, 17366,Aquarium Filter Cartridge,  , 0, 7, 0
Error :available_stock, simple ,9555671409269, 17363,Hanging Filter for Aquarium Fish Tank,  , 0, 1, 0
Error :available_stock, simple ,9856482951, 17360,Sponge Filter for Aquarium,  , 0, 1, 0
Stock in Sync, simple ,8452169856, 17357,Aquarium Vacum Cleaner Battery, Aquarium Vacum Cleaner Battery X-01 , 0, 0, 0
Error :available_stock, simple ,9625018020140, 17352,Aauraium Heater (Temperature controler) - 50W,  , 0, 0, 0
Stock in Sync, simple ,4796006380838, 17339,Seepet Dog Treats (5 Bones), Dog Treat Small , 0, 1, 1
Stock in Sync, simple ,8850477253728, 17337,Classic Pets Adult Dog Food 2Kg, Classic Pets Chicken Adult 2kg , 0, 16, 16
No SKU, simple ,, 17325,Artificial Aquatic Plants Fish,  , 0, 5, 0
Stock in Sync, simple ,35679006875, 17313,NUTHYA Cat Cocktail Cat Dry Food 1KG, Nuthya Cocktail Cat Dry Food1kg , 0, 0, 0
No SKU, simple ,, 17297,Eukanuba Premium Performance 30/20 Sport Dry Dog Food 15kg,  , 0, 0, 0
No SKU, simple ,, 17280,Eukanuba Senior Adult 15kg,  , 0, 0, 0
Updated, variable ,, 17273,Eukanuba Fit Body Medium Breed,  , 0, 0, undefined
Updated, variable ,, 17244,Pelen Creamy Cat Snack Wet Treats 15g,  , 0, 0, undefined
Stock in Sync, simple ,8903647000100, 17175,Natural Fresh Me Mild Waterless Foam Cleanser, Fresh Me Up 140ml , 0, 13, 13
Stock in Sync, simple ,4796018660287, 17124,Canny Flexi Joint (30 tablets) for cat and dog, Canny Flexi Joint , 0, 7, 7
Stock in Sync, simple ,3435565434223, 17115,Diil Feeding Bottle Small, Diil Feeding Bottle , 0, 0, 0
No SKU, simple ,, 17099,Bully Max MUSCLE BUILDER for Dogs,  , 0, 0, 0
Stock in Sync, simple ,4001967139969, 17043,Happy Cat Junior Farm Poultry 1.3kg, Happy Cat Junior 4 to 12 Month 1.5kg , 0, 0, 0
Stock in Sync, simple ,9003579308936, 17011,Royal Canin Instinctive Gravy Wet Food Pouch for Cats 85g, Royal Canin Instinctive Gravy Wet Food 85g , 0, 69, 69
Error :available_stock, simple ,4001967140118, 16985,Happy Cat Culinary Adult Pasture-raised Lamb 1.3Kg,  , 0, 0, 0
Stock in Sync, simple ,4001967140392, 16981,Happy Cat Culinary Adult Farm Duck 1.3Kg, Happy Cat Culinary Adult Farm Duck 1.3kg , 0, 0, 0
Stock in Sync, simple ,4001967139891, 16979,Happy Cat Young Kitten Farm Poultry 1.3Kg, Happy Cat Supreme Kitten Poultry 1.3kg , 0, 0, 0
No SKU, simple ,, 16943,Flight Cage Large for Cats and Dogs,  , 0, 1, 0
Error :available_stock, simple ,74924479, 16933,Light Pet Carrier Cage for cats,  , 0, 12, 0
Stock in Sync, simple ,5412087132218, 16931,Corridor-Type Cat Litter Box, Karlie/Mod Litter Tray M 43cm , 0, 0, 0
Stock in Sync, simple ,7652372564, 16906,Cat Litter Box Tray With Scoop Toilet Large, Litter Tray Heavy Blue , 0, 0, 0
Updated, variable ,, 16898,Premier Pet  Dog Muzzle,  , 0, 0, undefined
Stock in Sync, simple ,22334459, 16895,Aminopet Supplement Syrup for cat &amp; dog 200mL, Aminopet Syrup 200ml , 0, 0, 0
Stock in Sync, simple ,7652372565, 16884,Anti-Overflow Cat Litter Tray, Litter Tray Heavy Green , 0, 0, 0
Stock in Sync, simple ,677657675, 16813,Tier Playpen Steel Folding Cage for Cats, Cat Cage Large , 0, 1, 1
Error :available_stock, simple ,22517366226, 16810,Flip Top Enclosed Cat Litter Box with Scoop,  , 0, 6, 0
Error :available_stock, simple ,133225, 16800,Long Stick Toys For Cats,  , 0, 45, 0
Stock in Sync, simple ,5050, 16797,Crate Pet Carrier Cage for cats &amp; puppies, Cat Cage , 0, 0, 0
Stock in Sync, simple ,9990001, 16794,PrimePets Cat Scratching Pad (Wave Shaped), Scratch Board S-Shape Pyx032 , 0, 68, 68
Updated, variable ,, 16697,Anti Ant Bowl Water Food Feeder for cats and dogs,  , 0, 0, undefined
Updated, variable ,, 16661,Jinny Cat Treats 35g,  , 0, 0, undefined
Stock in Sync, simple ,6970989893310, 16652,Cature Natural Tofu Clumping Cat Litter 2.8kg/7L, Cature Natural Tofu Clumping Cat Litter 7L - 2.8kg , 0, 554, 554
No SKU, simple ,, 16636,PET FOOD PLASTIC SCOOPS FOR CAT &amp; DOG / 2 CUP CAPACITY,  , 0, 0, 0
Error :available_stock, simple ,2365984666, 16634,Ant Away Pet Food Bowl For Cat,  , 0, 18, 0
Stock in Sync, simple ,6970989893334, 16628,Cature Anti-Bacterial Odor Kill Spray 470ml, Cature ODOR Remover Spray 470ml , 0, 19, 19
Stock in Sync, simple ,8698995029223, 16553,Reflex Plus Sterilised Adult Cat Food with Salmon 8KG, Reflex Plus Adult Cat Food Sterilised with Salmon 8kg , 0, 3, 3
Stock in Sync, simple ,8698995003544, 16551,Reflex Adult Salmon Cat Food 1.5KG, Reflex Plus Salmon Cat Adult 1.5kg , 0, 0, 0
Stock in Sync, simple ,9003579311776, 16546,Royal Canin Sterilised Jelly 85g, Royal Canin Sterilised Wet Food 85g , 0, 125, 125
Stock in Sync, simple ,9003579311462, 16544,Starter Mousse Mother &amp; Babydog, Royal Canin Starter Mousse 195g , 0, 1, 1
Updated, variable ,, 16534,Royal Canin German Shepherd Adult Dry Dog Food,  , 0, 0, undefined
Stock in Sync, simple ,4793000387405, 16516,Soul Agent Soup for Dogs 200g, Vetgrow Soul Agent Soup 200g , 0, 21, 21
Stock in Sync, simple ,8930272847110, 16508,Tofu Cat Litter 6L, Tofu catlitter [white] , 0, 0, 0
No SKU, simple ,, 16423,Taste of the Wild Pacific Stream Canine Recipe 5.6Kg,  , 0, 1, 0
Stock in Sync, simple ,74198612383, 16419,Taste of the Wild Canyon River Feline Recipe Cat Dry Food 2Kg, Taste Of Wild Canyon River Cat Food 2kg , 0, 0, 0
Stock in Sync, simple ,9003579003848, 16412,Royal Canin Kitten Up To 12 Loaf Wet Food 85g, Royal Canin Kitten Up To 12 Loaf Wet Food 85g , 0, 0, 0
Stock in Sync, simple ,9003579003886, 16396,Royal Canin Instinctive Loaf Wet Food 85g, Royal Canin Instinctive Loaf Wet Food 85g , 0, 26, 26
Stock in Sync, simple ,3182550736053, 16392,Royal Canin Rottweiler Adult Dog Dry Food 3Kg, Royal Canin Rottweiler Adult 3kg , 0, 4, 4
Stock in Sync, simple ,3182550707312, 16387,Royal Canin Mother & Babycat 2Kg, Royal Canin Mother & Babycat 2kg , 0, 0, 0
Stock in Sync, simple ,3182550710640, 16384,Royal Canin Maine Coon Adult Dry Food 2Kg, Royal Canin Maine Coon Adult 2kg , 0, 6, 6
Stock in Sync, simple ,9003579001257, 16382,Royal Canin British Shorthair Wet Pouch 85g, Royal Canin British Shorthair Wet Food 85g , 0, 27, 27
Stock in Sync, simple ,9003579001219, 16378,Royal Canin Maine Coon Wet Pouch 85g, Royal Canin Maine Coon Wet Food 85g , 0, 67, 67
No SKU, simple ,, 16376,Royal Canin Veterinary Diet Feline DIABETIC dry cat food 400g,  , 0, 5, 0
Stock in Sync, simple ,9003579311660, 16371,Royal Canin Mother and Babycat Ultra Soft Mousse 195g, Royal Canin Mother & Babycat Mousse 195g , 0, 12, 12
No SKU, simple ,, 16353,Indoor  COMPLETE PET FOOD FOR ADULT CATS Repacked 400g,  , 0, 0, 0
Stock in Sync, simple ,8698995029025, 16217,Reflex Plus Mother ​​&amp;​​ Baby Cat Food with Lamb 1.5Kg, Reflex Plus Mother And Baby Cat Food Lamb And Rice 1.5kg , 0, 0, 0
Stock in Sync, simple ,8698995027410, 16213,Reflex Plus Urinary Adult Cat Food with Chicken 1.5Kg, Reflex Plus Adult Cat Food Urinary Chicken 1.5kg , 0, 0, 0
Updated, variable ,, 16211,Bonnie Kitten Food Chicken,  , 0, 0, undefined
Updated, variable ,, 16206,Bonnie Adult Cat Food Salmon,  , 0, 0, undefined
Updated, variable ,, 16149,Morando Miglior Gatto Adult Kibble With Salmon,  , 0, 0, undefined
Updated, variable ,, 16130,Morando Miglior Gatto Professional Adult Kibble With Fish,  , 0, 0, undefined
Stock in Sync, simple ,8007520098175, 16128,Morando Migliorgatto Professional Sterilized Kibble With Salmon 1.5kg, Morando Professional Sterilized Kibble With Salmon Dry Food 1.5kg , 0, 0, 0
Stock in Sync, simple ,8007520105361, 16123,Morando Professional KITTEN WITH CHICKEN AND SALMON 1.5Kg, Morando Professional Kitten Kibble With Chicken & Salmon Dry Food 1.5kg , 0, 5, 5
Updated, variable ,, 16096,Happy Cat Culinary Adult Spring-water Trout,  , 0, 10, undefined
Updated, variable ,, 16091,Royal Canin Golden Retriever Adult Dry Dog Food,  , 0, 0, undefined
Updated, variable ,, 16086,Royal Canin Labrador Retriever Adult Dog Food,  , 0, 0, undefined
Stock in Sync, simple ,4032254741633, 15982,JOSERA POULTRY-MENU 15KG, Josera Poultry Menu 15kg , 0, 0, 0
Stock in Sync, simple ,4032254745617, 15980,JOSIDOG MINI 900G, Josi Dog Mini Adult 900g , 0, 0, 0
Stock in Sync, simple ,4032254745570, 15975,JOSIDOG JUNIOR SENSITIVE 900G, Josi Dog Junior Sensitive 900g , 0, 0, 0
Stock in Sync, simple ,4032254745594, 15972,JOSIDOG MASTER MIX, Josi Dog Master Mix 900g , 0, 0, 0
Stock in Sync, simple ,4032254745471, 15970,JOSIDOG ACTIVE 900G, Josi Dog Active 900g , 0, 0, 0
